imageName,id
001_F_L_30.JPG,1
001_F_L_31.JPG,1
001_F_L_32.JPG,1
001_F_L_33.JPG,1
001_F_L_34.JPG,1
001_F_L_35.JPG,1
001_F_L_36.JPG,1
001_F_L_37.JPG,1
001_F_L_38.JPG,1
001_F_L_39.JPG,1
001_F_R_0.JPG,1
001_F_R_1.JPG,1
001_F_R_2.JPG,1
001_F_R_3.JPG,1
001_F_R_4.JPG,1
001_F_R_5.JPG,1
001_F_R_6.JPG,1
001_F_R_7.JPG,1
001_F_R_8.JPG,1
001_F_R_9.JPG,1
001_S_L_20.JPG,1
001_S_L_21.JPG,1
001_S_L_22.JPG,1
001_S_L_23.JPG,1
001_S_L_24.JPG,1
001_S_L_25.JPG,1
001_S_L_26.JPG,1
001_S_L_27.JPG,1
001_S_L_28.JPG,1
001_S_L_29.JPG,1
001_S_R_10.JPG,1
001_S_R_11.JPG,1
001_S_R_12.JPG,1
001_S_R_13.JPG,1
001_S_R_14.JPG,1
001_S_R_15.JPG,1
001_S_R_16.JPG,1
001_S_R_17.JPG,1
001_S_R_18.JPG,1
001_S_R_19.JPG,1
002_F_L_30.JPG,2
002_F_L_31.JPG,2
002_F_L_32.JPG,2
002_F_L_33.JPG,2
002_F_L_34.JPG,2
002_F_L_35.JPG,2
002_F_L_36.JPG,2
002_F_L_37.JPG,2
002_F_L_38.JPG,2
002_F_L_39.JPG,2
002_F_R_0.JPG,2
002_F_R_1.JPG,2
002_F_R_2.JPG,2
002_F_R_3.JPG,2
002_F_R_4.JPG,2
002_F_R_5.JPG,2
002_F_R_6.JPG,2
002_F_R_7.JPG,2
002_F_R_8.JPG,2
002_F_R_9.JPG,2
002_S_L_20.JPG,2
002_S_L_21.JPG,2
002_S_L_22.JPG,2
002_S_L_23.JPG,2
002_S_L_24.JPG,2
002_S_L_25.JPG,2
002_S_L_26.JPG,2
002_S_L_27.JPG,2
002_S_L_28.JPG,2
002_S_L_29.JPG,2
002_S_R_10.JPG,2
002_S_R_11.JPG,2
002_S_R_12.JPG,2
002_S_R_13.JPG,2
002_S_R_14.JPG,2
002_S_R_15.JPG,2
002_S_R_16.JPG,2
002_S_R_17.JPG,2
002_S_R_18.JPG,2
002_S_R_19.JPG,2
003_F_L_30.JPG,3
003_F_L_31.JPG,3
003_F_L_32.JPG,3
003_F_L_33.JPG,3
003_F_L_34.JPG,3
003_F_L_35.JPG,3
003_F_L_36.JPG,3
003_F_L_37.JPG,3
003_F_L_38.JPG,3
003_F_L_39.JPG,3
003_F_R_0.JPG,3
003_F_R_1.JPG,3
003_F_R_2.JPG,3
003_F_R_3.JPG,3
003_F_R_4.JPG,3
003_F_R_5.JPG,3
003_F_R_6.JPG,3
003_F_R_7.JPG,3
003_F_R_8.JPG,3
003_F_R_9.JPG,3
003_S_L_20.JPG,3
003_S_L_21.JPG,3
003_S_L_22.JPG,3
003_S_L_23.JPG,3
003_S_L_24.JPG,3
003_S_L_25.JPG,3
003_S_L_26.JPG,3
003_S_L_27.JPG,3
003_S_L_28.JPG,3
003_S_L_29.JPG,3
003_S_R_10.JPG,3
003_S_R_11.JPG,3
003_S_R_12.JPG,3
003_S_R_13.JPG,3
003_S_R_14.JPG,3
003_S_R_15.JPG,3
003_S_R_16.JPG,3
003_S_R_17.JPG,3
003_S_R_18.JPG,3
003_S_R_19.JPG,3
004_F_L_30.JPG,4
004_F_L_31.JPG,4
004_F_L_32.JPG,4
004_F_L_33.JPG,4
004_F_L_34.JPG,4
004_F_L_35.JPG,4
004_F_L_36.JPG,4
004_F_L_37.JPG,4
004_F_L_38.JPG,4
004_F_L_39.JPG,4
004_F_R_0.JPG,4
004_F_R_1.JPG,4
004_F_R_2.JPG,4
004_F_R_3.JPG,4
004_F_R_4.JPG,4
004_F_R_5.JPG,4
004_F_R_6.JPG,4
004_F_R_7.JPG,4
004_F_R_8.JPG,4
004_F_R_9.JPG,4
004_S_L_20.JPG,4
004_S_L_21.JPG,4
004_S_L_22.JPG,4
004_S_L_23.JPG,4
004_S_L_24.JPG,4
004_S_L_25.JPG,4
004_S_L_26.JPG,4
004_S_L_27.JPG,4
004_S_L_28.JPG,4
004_S_L_29.JPG,4
004_S_R_10.JPG,4
004_S_R_11.JPG,4
004_S_R_12.JPG,4
004_S_R_13.JPG,4
004_S_R_14.JPG,4
004_S_R_15.JPG,4
004_S_R_16.JPG,4
004_S_R_17.JPG,4
004_S_R_18.JPG,4
004_S_R_19.JPG,4
005_F_L_30.JPG,5
005_F_L_31.JPG,5
005_F_L_32.JPG,5
005_F_L_33.JPG,5
005_F_L_34.JPG,5
005_F_L_35.JPG,5
005_F_L_36.JPG,5
005_F_L_37.JPG,5
005_F_L_38.JPG,5
005_F_L_39.JPG,5
005_F_R_0.JPG,5
005_F_R_1.JPG,5
005_F_R_2.JPG,5
005_F_R_3.JPG,5
005_F_R_4.JPG,5
005_F_R_5.JPG,5
005_F_R_6.JPG,5
005_F_R_7.JPG,5
005_F_R_8.JPG,5
005_F_R_9.JPG,5
005_S_L_20.JPG,5
005_S_L_21.JPG,5
005_S_L_22.JPG,5
005_S_L_23.JPG,5
005_S_L_24.JPG,5
005_S_L_25.JPG,5
005_S_L_26.JPG,5
005_S_L_27.JPG,5
005_S_L_28.JPG,5
005_S_L_29.JPG,5
005_S_R_10.JPG,5
005_S_R_11.JPG,5
005_S_R_12.JPG,5
005_S_R_13.JPG,5
005_S_R_14.JPG,5
005_S_R_15.JPG,5
005_S_R_16.JPG,5
005_S_R_17.JPG,5
005_S_R_18.JPG,5
005_S_R_19.JPG,5
006_F_L_30.JPG,6
006_F_L_31.JPG,6
006_F_L_32.JPG,6
006_F_L_33.JPG,6
006_F_L_34.JPG,6
006_F_L_35.JPG,6
006_F_L_36.JPG,6
006_F_L_37.JPG,6
006_F_L_38.JPG,6
006_F_L_39.JPG,6
006_F_R_0.JPG,6
006_F_R_1.JPG,6
006_F_R_2.JPG,6
006_F_R_3.JPG,6
006_F_R_4.JPG,6
006_F_R_5.JPG,6
006_F_R_6.JPG,6
006_F_R_7.JPG,6
006_F_R_8.JPG,6
006_F_R_9.JPG,6
006_S_L_20.JPG,6
006_S_L_21.JPG,6
006_S_L_22.JPG,6
006_S_L_23.JPG,6
006_S_L_24.JPG,6
006_S_L_25.JPG,6
006_S_L_26.JPG,6
006_S_L_27.JPG,6
006_S_L_28.JPG,6
006_S_L_29.JPG,6
006_S_R_10.JPG,6
006_S_R_11.JPG,6
006_S_R_12.JPG,6
006_S_R_13.JPG,6
006_S_R_14.JPG,6
006_S_R_15.JPG,6
006_S_R_16.JPG,6
006_S_R_17.JPG,6
006_S_R_18.JPG,6
006_S_R_19.JPG,6
007_F_L_30.JPG,7
007_F_L_31.JPG,7
007_F_L_32.JPG,7
007_F_L_33.JPG,7
007_F_L_34.JPG,7
007_F_L_35.JPG,7
007_F_L_36.JPG,7
007_F_L_37.JPG,7
007_F_L_38.JPG,7
007_F_L_39.JPG,7
007_F_R_0.JPG,7
007_F_R_1.JPG,7
007_F_R_2.JPG,7
007_F_R_3.JPG,7
007_F_R_4.JPG,7
007_F_R_5.JPG,7
007_F_R_6.JPG,7
007_F_R_7.JPG,7
007_F_R_8.JPG,7
007_F_R_9.JPG,7
007_S_L_20.JPG,7
007_S_L_21.JPG,7
007_S_L_22.JPG,7
007_S_L_23.JPG,7
007_S_L_24.JPG,7
007_S_L_25.JPG,7
007_S_L_26.JPG,7
007_S_L_27.JPG,7
007_S_L_28.JPG,7
007_S_L_29.JPG,7
007_S_R_10.JPG,7
007_S_R_11.JPG,7
007_S_R_12.JPG,7
007_S_R_13.JPG,7
007_S_R_14.JPG,7
007_S_R_15.JPG,7
007_S_R_16.JPG,7
007_S_R_17.JPG,7
007_S_R_18.JPG,7
007_S_R_19.JPG,7
008_F_L_30.JPG,8
008_F_L_31.JPG,8
008_F_L_32.JPG,8
008_F_L_33.JPG,8
008_F_L_34.JPG,8
008_F_L_35.JPG,8
008_F_L_36.JPG,8
008_F_L_37.JPG,8
008_F_L_38.JPG,8
008_F_L_39.JPG,8
008_F_R_0.JPG,8
008_F_R_1.JPG,8
008_F_R_2.JPG,8
008_F_R_3.JPG,8
008_F_R_4.JPG,8
008_F_R_5.JPG,8
008_F_R_6.JPG,8
008_F_R_7.JPG,8
008_F_R_8.JPG,8
008_F_R_9.JPG,8
008_S_L_20.JPG,8
008_S_L_21.JPG,8
008_S_L_22.JPG,8
008_S_L_23.JPG,8
008_S_L_24.JPG,8
008_S_L_25.JPG,8
008_S_L_26.JPG,8
008_S_L_27.JPG,8
008_S_L_28.JPG,8
008_S_L_29.JPG,8
008_S_R_10.JPG,8
008_S_R_11.JPG,8
008_S_R_12.JPG,8
008_S_R_13.JPG,8
008_S_R_14.JPG,8
008_S_R_15.JPG,8
008_S_R_16.JPG,8
008_S_R_17.JPG,8
008_S_R_18.JPG,8
008_S_R_19.JPG,8
009_F_L_30.JPG,9
009_F_L_31.JPG,9
009_F_L_32.JPG,9
009_F_L_33.JPG,9
009_F_L_34.JPG,9
009_F_L_35.JPG,9
009_F_L_36.JPG,9
009_F_L_37.JPG,9
009_F_L_38.JPG,9
009_F_L_39.JPG,9
009_F_R_0.JPG,9
009_F_R_1.JPG,9
009_F_R_2.JPG,9
009_F_R_3.JPG,9
009_F_R_4.JPG,9
009_F_R_5.JPG,9
009_F_R_6.JPG,9
009_F_R_7.JPG,9
009_F_R_8.JPG,9
009_F_R_9.JPG,9
009_S_L_20.JPG,9
009_S_L_21.JPG,9
009_S_L_22.JPG,9
009_S_L_23.JPG,9
009_S_L_24.JPG,9
009_S_L_25.JPG,9
009_S_L_26.JPG,9
009_S_L_27.JPG,9
009_S_L_28.JPG,9
009_S_L_29.JPG,9
009_S_R_10.JPG,9
009_S_R_11.JPG,9
009_S_R_12.JPG,9
009_S_R_13.JPG,9
009_S_R_14.JPG,9
009_S_R_15.JPG,9
009_S_R_16.JPG,9
009_S_R_17.JPG,9
009_S_R_18.JPG,9
009_S_R_19.JPG,9
010_F_L_30.JPG,10
010_F_L_31.JPG,10
010_F_L_32.JPG,10
010_F_L_33.JPG,10
010_F_L_34.JPG,10
010_F_L_35.JPG,10
010_F_L_36.JPG,10
010_F_L_37.JPG,10
010_F_L_38.JPG,10
010_F_L_39.JPG,10
010_F_R_0.JPG,10
010_F_R_1.JPG,10
010_F_R_2.JPG,10
010_F_R_3.JPG,10
010_F_R_4.JPG,10
010_F_R_5.JPG,10
010_F_R_6.JPG,10
010_F_R_7.JPG,10
010_F_R_8.JPG,10
010_F_R_9.JPG,10
010_S_L_20.JPG,10
010_S_L_21.JPG,10
010_S_L_22.JPG,10
010_S_L_23.JPG,10
010_S_L_24.JPG,10
010_S_L_25.JPG,10
010_S_L_26.JPG,10
010_S_L_27.JPG,10
010_S_L_28.JPG,10
010_S_L_29.JPG,10
010_S_R_10.JPG,10
010_S_R_11.JPG,10
010_S_R_12.JPG,10
010_S_R_13.JPG,10
010_S_R_14.JPG,10
010_S_R_15.JPG,10
010_S_R_16.JPG,10
010_S_R_17.JPG,10
010_S_R_18.JPG,10
010_S_R_19.JPG,10
011_F_L_30.JPG,11
011_F_L_31.JPG,11
011_F_L_32.JPG,11
011_F_L_33.JPG,11
011_F_L_34.JPG,11
011_F_L_35.JPG,11
011_F_L_36.JPG,11
011_F_L_37.JPG,11
011_F_L_38.JPG,11
011_F_L_39.JPG,11
011_F_R_0.JPG,11
011_F_R_1.JPG,11
011_F_R_2.JPG,11
011_F_R_3.JPG,11
011_F_R_4.JPG,11
011_F_R_5.JPG,11
011_F_R_6.JPG,11
011_F_R_7.JPG,11
011_F_R_8.JPG,11
011_F_R_9.JPG,11
011_S_L_20.JPG,11
011_S_L_21.JPG,11
011_S_L_22.JPG,11
011_S_L_23.JPG,11
011_S_L_24.JPG,11
011_S_L_25.JPG,11
011_S_L_26.JPG,11
011_S_L_27.JPG,11
011_S_L_28.JPG,11
011_S_L_29.JPG,11
011_S_R_10.JPG,11
011_S_R_11.JPG,11
011_S_R_12.JPG,11
011_S_R_13.JPG,11
011_S_R_14.JPG,11
011_S_R_15.JPG,11
011_S_R_16.JPG,11
011_S_R_17.JPG,11
011_S_R_18.JPG,11
011_S_R_19.JPG,11
012_F_L_30.JPG,12
012_F_L_31.JPG,12
012_F_L_32.JPG,12
012_F_L_33.JPG,12
012_F_L_34.JPG,12
012_F_L_35.JPG,12
012_F_L_36.JPG,12
012_F_L_37.JPG,12
012_F_L_38.JPG,12
012_F_L_39.JPG,12
012_F_R_0.JPG,12
012_F_R_1.JPG,12
012_F_R_2.JPG,12
012_F_R_3.JPG,12
012_F_R_4.JPG,12
012_F_R_5.JPG,12
012_F_R_6.JPG,12
012_F_R_7.JPG,12
012_F_R_8.JPG,12
012_F_R_9.JPG,12
012_S_L_20.JPG,12
012_S_L_21.JPG,12
012_S_L_22.JPG,12
012_S_L_23.JPG,12
012_S_L_24.JPG,12
012_S_L_25.JPG,12
012_S_L_26.JPG,12
012_S_L_27.JPG,12
012_S_L_28.JPG,12
012_S_L_29.JPG,12
012_S_R_10.JPG,12
012_S_R_11.JPG,12
012_S_R_12.JPG,12
012_S_R_13.JPG,12
012_S_R_14.JPG,12
012_S_R_15.JPG,12
012_S_R_16.JPG,12
012_S_R_17.JPG,12
012_S_R_18.JPG,12
012_S_R_19.JPG,12
013_F_L_30.JPG,13
013_F_L_31.JPG,13
013_F_L_32.JPG,13
013_F_L_33.JPG,13
013_F_L_34.JPG,13
013_F_L_35.JPG,13
013_F_L_36.JPG,13
013_F_L_37.JPG,13
013_F_L_38.JPG,13
013_F_L_39.JPG,13
013_F_R_0.JPG,13
013_F_R_1.JPG,13
013_F_R_2.JPG,13
013_F_R_3.JPG,13
013_F_R_4.JPG,13
013_F_R_5.JPG,13
013_F_R_6.JPG,13
013_F_R_7.JPG,13
013_F_R_8.JPG,13
013_F_R_9.JPG,13
013_S_L_20.JPG,13
013_S_L_21.JPG,13
013_S_L_22.JPG,13
013_S_L_23.JPG,13
013_S_L_24.JPG,13
013_S_L_25.JPG,13
013_S_L_26.JPG,13
013_S_L_27.JPG,13
013_S_L_28.JPG,13
013_S_L_29.JPG,13
013_S_R_10.JPG,13
013_S_R_11.JPG,13
013_S_R_12.JPG,13
013_S_R_13.JPG,13
013_S_R_14.JPG,13
013_S_R_15.JPG,13
013_S_R_16.JPG,13
013_S_R_17.JPG,13
013_S_R_18.JPG,13
013_S_R_19.JPG,13
014_F_L_30.JPG,14
014_F_L_31.JPG,14
014_F_L_32.JPG,14
014_F_L_33.JPG,14
014_F_L_34.JPG,14
014_F_L_35.JPG,14
014_F_L_36.JPG,14
014_F_L_37.JPG,14
014_F_L_38.JPG,14
014_F_L_39.JPG,14
014_F_R_0.JPG,14
014_F_R_1.JPG,14
014_F_R_2.JPG,14
014_F_R_3.JPG,14
014_F_R_4.JPG,14
014_F_R_5.JPG,14
014_F_R_6.JPG,14
014_F_R_7.JPG,14
014_F_R_8.JPG,14
014_F_R_9.JPG,14
014_S_L_20.JPG,14
014_S_L_21.JPG,14
014_S_L_22.JPG,14
014_S_L_23.JPG,14
014_S_L_24.JPG,14
014_S_L_25.JPG,14
014_S_L_26.JPG,14
014_S_L_27.JPG,14
014_S_L_28.JPG,14
014_S_L_29.JPG,14
014_S_R_10.JPG,14
014_S_R_11.JPG,14
014_S_R_12.JPG,14
014_S_R_13.JPG,14
014_S_R_14.JPG,14
014_S_R_15.JPG,14
014_S_R_16.JPG,14
014_S_R_17.JPG,14
014_S_R_18.JPG,14
014_S_R_19.JPG,14
015_F_L_30.JPG,15
015_F_L_31.JPG,15
015_F_L_32.JPG,15
015_F_L_33.JPG,15
015_F_L_34.JPG,15
015_F_L_35.JPG,15
015_F_L_36.JPG,15
015_F_L_37.JPG,15
015_F_L_38.JPG,15
015_F_L_39.JPG,15
015_F_R_0.JPG,15
015_F_R_1.JPG,15
015_F_R_2.JPG,15
015_F_R_3.JPG,15
015_F_R_4.JPG,15
015_F_R_5.JPG,15
015_F_R_6.JPG,15
015_F_R_7.JPG,15
015_F_R_8.JPG,15
015_F_R_9.JPG,15
015_S_L_20.JPG,15
015_S_L_21.JPG,15
015_S_L_22.JPG,15
015_S_L_23.JPG,15
015_S_L_24.JPG,15
015_S_L_25.JPG,15
015_S_L_26.JPG,15
015_S_L_27.JPG,15
015_S_L_28.JPG,15
015_S_L_29.JPG,15
015_S_R_10.JPG,15
015_S_R_11.JPG,15
015_S_R_12.JPG,15
015_S_R_13.JPG,15
015_S_R_14.JPG,15
015_S_R_15.JPG,15
015_S_R_16.JPG,15
015_S_R_17.JPG,15
015_S_R_18.JPG,15
015_S_R_19.JPG,15
016_F_L_30.JPG,16
016_F_L_31.JPG,16
016_F_L_32.JPG,16
016_F_L_33.JPG,16
016_F_L_34.JPG,16
016_F_L_35.JPG,16
016_F_L_36.JPG,16
016_F_L_37.JPG,16
016_F_L_38.JPG,16
016_F_L_39.JPG,16
016_F_R_0.JPG,16
016_F_R_1.JPG,16
016_F_R_2.JPG,16
016_F_R_3.JPG,16
016_F_R_4.JPG,16
016_F_R_5.JPG,16
016_F_R_6.JPG,16
016_F_R_7.JPG,16
016_F_R_8.JPG,16
016_F_R_9.JPG,16
016_S_L_20.JPG,16
016_S_L_21.JPG,16
016_S_L_22.JPG,16
016_S_L_23.JPG,16
016_S_L_24.JPG,16
016_S_L_25.JPG,16
016_S_L_26.JPG,16
016_S_L_27.JPG,16
016_S_L_28.JPG,16
016_S_L_29.JPG,16
016_S_R_10.JPG,16
016_S_R_11.JPG,16
016_S_R_12.JPG,16
016_S_R_13.JPG,16
016_S_R_14.JPG,16
016_S_R_15.JPG,16
016_S_R_16.JPG,16
016_S_R_17.JPG,16
016_S_R_18.JPG,16
016_S_R_19.JPG,16
017_F_L_30.JPG,17
017_F_L_31.JPG,17
017_F_L_32.JPG,17
017_F_L_33.JPG,17
017_F_L_34.JPG,17
017_F_L_35.JPG,17
017_F_L_36.JPG,17
017_F_L_37.JPG,17
017_F_L_38.JPG,17
017_F_L_39.JPG,17
017_F_R_0.JPG,17
017_F_R_1.JPG,17
017_F_R_2.JPG,17
017_F_R_3.JPG,17
017_F_R_4.JPG,17
017_F_R_5.JPG,17
017_F_R_6.JPG,17
017_F_R_7.JPG,17
017_F_R_8.JPG,17
017_F_R_9.JPG,17
017_S_L_20.JPG,17
017_S_L_21.JPG,17
017_S_L_22.JPG,17
017_S_L_23.JPG,17
017_S_L_24.JPG,17
017_S_L_25.JPG,17
017_S_L_26.JPG,17
017_S_L_27.JPG,17
017_S_L_28.JPG,17
017_S_L_29.JPG,17
017_S_R_10.JPG,17
017_S_R_11.JPG,17
017_S_R_12.JPG,17
017_S_R_13.JPG,17
017_S_R_14.JPG,17
017_S_R_15.JPG,17
017_S_R_16.JPG,17
017_S_R_17.JPG,17
017_S_R_18.JPG,17
017_S_R_19.JPG,17
018_F_L_30.JPG,18
018_F_L_31.JPG,18
018_F_L_32.JPG,18
018_F_L_33.JPG,18
018_F_L_34.JPG,18
018_F_L_35.JPG,18
018_F_L_36.JPG,18
018_F_L_37.JPG,18
018_F_L_38.JPG,18
018_F_L_39.JPG,18
018_F_R_0.JPG,18
018_F_R_1.JPG,18
018_F_R_2.JPG,18
018_F_R_3.JPG,18
018_F_R_4.JPG,18
018_F_R_5.JPG,18
018_F_R_6.JPG,18
018_F_R_7.JPG,18
018_F_R_8.JPG,18
018_F_R_9.JPG,18
018_S_L_20.JPG,18
018_S_L_21.JPG,18
018_S_L_22.JPG,18
018_S_L_23.JPG,18
018_S_L_24.JPG,18
018_S_L_25.JPG,18
018_S_L_26.JPG,18
018_S_L_27.JPG,18
018_S_L_28.JPG,18
018_S_L_29.JPG,18
018_S_R_10.JPG,18
018_S_R_11.JPG,18
018_S_R_12.JPG,18
018_S_R_13.JPG,18
018_S_R_14.JPG,18
018_S_R_15.JPG,18
018_S_R_16.JPG,18
018_S_R_17.JPG,18
018_S_R_18.JPG,18
018_S_R_19.JPG,18
019_F_L_30.JPG,19
019_F_L_31.JPG,19
019_F_L_32.JPG,19
019_F_L_33.JPG,19
019_F_L_34.JPG,19
019_F_L_35.JPG,19
019_F_L_36.JPG,19
019_F_L_37.JPG,19
019_F_L_38.JPG,19
019_F_L_39.JPG,19
019_F_R_0.JPG,19
019_F_R_1.JPG,19
019_F_R_2.JPG,19
019_F_R_3.JPG,19
019_F_R_4.JPG,19
019_F_R_5.JPG,19
019_F_R_6.JPG,19
019_F_R_7.JPG,19
019_F_R_8.JPG,19
019_F_R_9.JPG,19
019_S_L_20.JPG,19
019_S_L_21.JPG,19
019_S_L_22.JPG,19
019_S_L_23.JPG,19
019_S_L_24.JPG,19
019_S_L_25.JPG,19
019_S_L_26.JPG,19
019_S_L_27.JPG,19
019_S_L_28.JPG,19
019_S_L_29.JPG,19
019_S_R_10.JPG,19
019_S_R_11.JPG,19
019_S_R_12.JPG,19
019_S_R_13.JPG,19
019_S_R_14.JPG,19
019_S_R_15.JPG,19
019_S_R_16.JPG,19
019_S_R_17.JPG,19
019_S_R_18.JPG,19
019_S_R_19.JPG,19
020_F_L_30.JPG,20
020_F_L_31.JPG,20
020_F_L_32.JPG,20
020_F_L_33.JPG,20
020_F_L_34.JPG,20
020_F_L_35.JPG,20
020_F_L_36.JPG,20
020_F_L_37.JPG,20
020_F_L_38.JPG,20
020_F_L_39.JPG,20
020_F_R_0.JPG,20
020_F_R_1.JPG,20
020_F_R_2.JPG,20
020_F_R_3.JPG,20
020_F_R_4.JPG,20
020_F_R_5.JPG,20
020_F_R_6.JPG,20
020_F_R_7.JPG,20
020_F_R_8.JPG,20
020_F_R_9.JPG,20
020_S_L_20.JPG,20
020_S_L_21.JPG,20
020_S_L_22.JPG,20
020_S_L_23.JPG,20
020_S_L_24.JPG,20
020_S_L_25.JPG,20
020_S_L_26.JPG,20
020_S_L_27.JPG,20
020_S_L_28.JPG,20
020_S_L_29.JPG,20
020_S_R_10.JPG,20
020_S_R_11.JPG,20
020_S_R_12.JPG,20
020_S_R_13.JPG,20
020_S_R_14.JPG,20
020_S_R_15.JPG,20
020_S_R_16.JPG,20
020_S_R_17.JPG,20
020_S_R_18.JPG,20
020_S_R_19.JPG,20
021_F_R_0.JPG,21
021_F_R_1.JPG,21
021_F_R_2.JPG,21
021_F_R_3.JPG,21
021_F_R_4.JPG,21
021_F_R_5.JPG,21
021_F_R_6.JPG,21
021_F_R_7.JPG,21
021_F_R_8.JPG,21
021_F_R_9.JPG,21
021_S_R_10.JPG,21
021_S_R_11.JPG,21
022_F_L_30.JPG,22
022_F_L_31.JPG,22
022_F_L_32.JPG,22
022_F_L_33.JPG,22
022_F_L_34.JPG,22
022_F_L_35.JPG,22
022_F_L_36.JPG,22
022_F_L_37.JPG,22
022_F_L_38.JPG,22
022_F_L_39.JPG,22
022_F_R_0.JPG,22
022_F_R_1.JPG,22
022_F_R_2.JPG,22
022_F_R_3.JPG,22
022_F_R_4.JPG,22
022_F_R_5.JPG,22
022_F_R_6.JPG,22
022_F_R_7.JPG,22
022_F_R_8.JPG,22
022_F_R_9.JPG,22
022_S_L_20.JPG,22
022_S_L_21.JPG,22
022_S_L_22.JPG,22
022_S_L_23.JPG,22
022_S_L_24.JPG,22
022_S_L_25.JPG,22
022_S_L_26.JPG,22
022_S_L_27.JPG,22
022_S_L_28.JPG,22
022_S_L_29.JPG,22
022_S_R_10.JPG,22
022_S_R_11.JPG,22
022_S_R_12.JPG,22
022_S_R_13.JPG,22
022_S_R_14.JPG,22
022_S_R_15.JPG,22
022_S_R_16.JPG,22
022_S_R_17.JPG,22
022_S_R_18.JPG,22
022_S_R_19.JPG,22
023_F_L_30.JPG,23
023_F_L_31.JPG,23
023_F_L_32.JPG,23
023_F_L_33.JPG,23
023_F_L_34.JPG,23
023_F_L_35.JPG,23
023_F_L_36.JPG,23
023_F_L_37.JPG,23
023_F_L_38.JPG,23
023_F_L_39.JPG,23
023_F_R_0.JPG,23
023_F_R_1.JPG,23
023_F_R_2.JPG,23
023_F_R_3.JPG,23
023_F_R_4.JPG,23
023_F_R_5.JPG,23
023_F_R_6.JPG,23
023_F_R_7.JPG,23
023_F_R_8.JPG,23
023_F_R_9.JPG,23
023_S_L_20.JPG,23
023_S_L_21.JPG,23
023_S_L_22.JPG,23
023_S_L_23.JPG,23
023_S_L_24.JPG,23
023_S_L_25.JPG,23
023_S_L_26.JPG,23
023_S_L_27.JPG,23
023_S_L_28.JPG,23
023_S_L_29.JPG,23
023_S_R_10.JPG,23
023_S_R_11.JPG,23
023_S_R_12.JPG,23
023_S_R_13.JPG,23
023_S_R_14.JPG,23
023_S_R_15.JPG,23
023_S_R_16.JPG,23
023_S_R_17.JPG,23
023_S_R_18.JPG,23
023_S_R_19.JPG,23
024_F_L_30.JPG,24
024_F_L_31.JPG,24
024_F_L_32.JPG,24
024_F_L_33.JPG,24
024_F_L_34.JPG,24
024_F_L_35.JPG,24
024_F_L_36.JPG,24
024_F_L_37.JPG,24
024_F_L_38.JPG,24
024_F_L_39.JPG,24
024_F_R_0.JPG,24
024_F_R_1.JPG,24
024_F_R_2.JPG,24
024_F_R_3.JPG,24
024_F_R_4.JPG,24
024_F_R_5.JPG,24
024_F_R_6.JPG,24
024_F_R_7.JPG,24
024_F_R_8.JPG,24
024_F_R_9.JPG,24
024_S_L_20.JPG,24
024_S_L_21.JPG,24
024_S_L_22.JPG,24
024_S_L_23.JPG,24
024_S_L_24.JPG,24
024_S_L_25.JPG,24
024_S_L_26.JPG,24
024_S_L_27.JPG,24
024_S_L_28.JPG,24
024_S_L_29.JPG,24
024_S_R_10.JPG,24
024_S_R_11.JPG,24
024_S_R_12.JPG,24
024_S_R_13.JPG,24
024_S_R_14.JPG,24
024_S_R_15.JPG,24
024_S_R_16.JPG,24
024_S_R_17.JPG,24
024_S_R_18.JPG,24
024_S_R_19.JPG,24
025_F_L_30.JPG,25
025_F_L_31.JPG,25
025_F_L_32.JPG,25
025_F_L_33.JPG,25
025_F_L_34.JPG,25
025_F_L_35.JPG,25
025_F_L_36.JPG,25
025_F_L_37.JPG,25
025_F_L_38.JPG,25
025_F_L_39.JPG,25
025_F_R_0.JPG,25
025_F_R_1.JPG,25
025_F_R_2.JPG,25
025_F_R_3.JPG,25
025_F_R_4.JPG,25
025_F_R_5.JPG,25
025_F_R_6.JPG,25
025_F_R_7.JPG,25
025_F_R_8.JPG,25
025_F_R_9.JPG,25
025_S_L_20.JPG,25
025_S_L_21.JPG,25
025_S_L_22.JPG,25
025_S_L_23.JPG,25
025_S_L_24.JPG,25
025_S_L_25.JPG,25
025_S_L_26.JPG,25
025_S_L_27.JPG,25
025_S_L_28.JPG,25
025_S_L_29.JPG,25
025_S_R_10.JPG,25
025_S_R_11.JPG,25
025_S_R_12.JPG,25
025_S_R_13.JPG,25
025_S_R_14.JPG,25
025_S_R_15.JPG,25
025_S_R_16.JPG,25
025_S_R_17.JPG,25
025_S_R_18.JPG,25
025_S_R_19.JPG,25
026_F_L_30.JPG,26
026_F_L_31.JPG,26
026_F_L_32.JPG,26
026_F_L_33.JPG,26
026_F_L_34.JPG,26
026_F_L_35.JPG,26
026_F_L_36.JPG,26
026_F_L_37.JPG,26
026_F_L_38.JPG,26
026_F_L_39.JPG,26
026_F_R_0.JPG,26
026_F_R_1.JPG,26
026_F_R_2.JPG,26
026_F_R_3.JPG,26
026_F_R_4.JPG,26
026_F_R_5.JPG,26
026_F_R_6.JPG,26
026_F_R_7.JPG,26
026_F_R_8.JPG,26
026_F_R_9.JPG,26
026_S_L_20.JPG,26
026_S_L_21.JPG,26
026_S_L_22.JPG,26
026_S_L_23.JPG,26
026_S_L_24.JPG,26
026_S_L_25.JPG,26
026_S_L_26.JPG,26
026_S_L_27.JPG,26
026_S_L_28.JPG,26
026_S_L_29.JPG,26
026_S_R_10.JPG,26
026_S_R_11.JPG,26
026_S_R_12.JPG,26
026_S_R_13.JPG,26
026_S_R_14.JPG,26
026_S_R_15.JPG,26
026_S_R_16.JPG,26
026_S_R_17.JPG,26
026_S_R_18.JPG,26
026_S_R_19.JPG,26
027_F_L_30.JPG,27
027_F_L_31.JPG,27
027_F_L_32.JPG,27
027_F_L_33.JPG,27
027_F_L_34.JPG,27
027_F_L_35.JPG,27
027_F_L_36.JPG,27
027_F_L_37.JPG,27
027_F_L_38.JPG,27
027_F_L_39.JPG,27
027_F_R_0.JPG,27
027_F_R_1.JPG,27
027_F_R_2.JPG,27
027_F_R_3.JPG,27
027_F_R_4.JPG,27
027_F_R_5.JPG,27
027_F_R_6.JPG,27
027_F_R_7.JPG,27
027_F_R_8.JPG,27
027_F_R_9.JPG,27
027_S_L_20.JPG,27
027_S_L_21.JPG,27
027_S_L_22.JPG,27
027_S_L_23.JPG,27
027_S_L_24.JPG,27
027_S_L_25.JPG,27
027_S_L_26.JPG,27
027_S_L_27.JPG,27
027_S_L_28.JPG,27
027_S_L_29.JPG,27
027_S_R_10.JPG,27
027_S_R_11.JPG,27
027_S_R_12.JPG,27
027_S_R_13.JPG,27
027_S_R_14.JPG,27
027_S_R_15.JPG,27
027_S_R_16.JPG,27
027_S_R_17.JPG,27
027_S_R_18.JPG,27
027_S_R_19.JPG,27
028_F_L_30.JPG,28
028_F_L_31.JPG,28
028_F_L_32.JPG,28
028_F_L_33.JPG,28
028_F_L_34.JPG,28
028_F_L_35.JPG,28
028_F_L_36.JPG,28
028_F_L_37.JPG,28
028_F_L_38.JPG,28
028_F_L_39.JPG,28
028_F_R_0.JPG,28
028_F_R_1.JPG,28
028_F_R_2.JPG,28
028_F_R_3.JPG,28
028_F_R_4.JPG,28
028_F_R_5.JPG,28
028_F_R_6.JPG,28
028_F_R_7.JPG,28
028_F_R_8.JPG,28
028_F_R_9.JPG,28
028_S_L_20.JPG,28
028_S_L_21.JPG,28
028_S_L_22.JPG,28
028_S_L_23.JPG,28
028_S_L_24.JPG,28
028_S_L_25.JPG,28
028_S_L_26.JPG,28
028_S_L_27.JPG,28
028_S_L_28.JPG,28
028_S_L_29.JPG,28
028_S_R_10.JPG,28
028_S_R_11.JPG,28
028_S_R_12.JPG,28
028_S_R_13.JPG,28
028_S_R_14.JPG,28
028_S_R_15.JPG,28
028_S_R_16.JPG,28
028_S_R_17.JPG,28
028_S_R_18.JPG,28
028_S_R_19.JPG,28
029_F_L_30.JPG,29
029_F_L_31.JPG,29
029_F_L_32.JPG,29
029_F_L_33.JPG,29
029_F_L_34.JPG,29
029_F_L_35.JPG,29
029_F_L_36.JPG,29
029_F_L_37.JPG,29
029_F_L_38.JPG,29
029_F_L_39.JPG,29
029_F_R_0.JPG,29
029_F_R_1.JPG,29
029_F_R_2.JPG,29
029_F_R_3.JPG,29
029_F_R_4.JPG,29
029_F_R_5.JPG,29
029_F_R_6.JPG,29
029_F_R_7.JPG,29
029_F_R_8.JPG,29
029_F_R_9.JPG,29
029_S_L_20.JPG,29
029_S_L_21.JPG,29
029_S_L_22.JPG,29
029_S_L_23.JPG,29
029_S_L_24.JPG,29
029_S_L_25.JPG,29
029_S_L_26.JPG,29
029_S_L_27.JPG,29
029_S_L_28.JPG,29
029_S_L_29.JPG,29
029_S_R_10.JPG,29
029_S_R_11.JPG,29
029_S_R_12.JPG,29
029_S_R_13.JPG,29
029_S_R_14.JPG,29
029_S_R_15.JPG,29
029_S_R_16.JPG,29
029_S_R_17.JPG,29
029_S_R_18.JPG,29
029_S_R_19.JPG,29
030_F_L_30.JPG,30
030_F_L_31.JPG,30
030_F_L_32.JPG,30
030_F_L_33.JPG,30
030_F_L_34.JPG,30
030_F_L_35.JPG,30
030_F_L_36.JPG,30
030_F_L_37.JPG,30
030_F_L_38.JPG,30
030_F_L_39.JPG,30
030_F_R_0.JPG,30
030_F_R_1.JPG,30
030_F_R_2.JPG,30
030_F_R_3.JPG,30
030_F_R_4.JPG,30
030_F_R_5.JPG,30
030_F_R_6.JPG,30
030_F_R_7.JPG,30
030_F_R_8.JPG,30
030_F_R_9.JPG,30
030_S_L_20.JPG,30
030_S_L_21.JPG,30
030_S_L_22.JPG,30
030_S_L_23.JPG,30
030_S_L_24.JPG,30
030_S_L_25.JPG,30
030_S_L_26.JPG,30
030_S_L_27.JPG,30
030_S_L_28.JPG,30
030_S_L_29.JPG,30
030_S_R_10.JPG,30
030_S_R_11.JPG,30
030_S_R_12.JPG,30
030_S_R_13.JPG,30
030_S_R_14.JPG,30
030_S_R_15.JPG,30
030_S_R_16.JPG,30
030_S_R_17.JPG,30
030_S_R_18.JPG,30
030_S_R_19.JPG,30
031_F_L_30.JPG,31
031_F_L_31.JPG,31
031_F_L_32.JPG,31
031_F_L_33.JPG,31
031_F_L_34.JPG,31
031_F_L_35.JPG,31
031_F_L_36.JPG,31
031_F_L_37.JPG,31
031_F_L_38.JPG,31
031_F_L_39.JPG,31
031_F_R_0.JPG,31
031_F_R_1.JPG,31
031_F_R_2.JPG,31
031_F_R_3.JPG,31
031_F_R_4.JPG,31
031_F_R_5.JPG,31
031_F_R_6.JPG,31
031_F_R_7.JPG,31
031_F_R_8.JPG,31
031_F_R_9.JPG,31
031_S_L_20.JPG,31
031_S_L_21.JPG,31
031_S_L_22.JPG,31
031_S_L_23.JPG,31
031_S_L_24.JPG,31
031_S_L_25.JPG,31
031_S_L_26.JPG,31
031_S_L_27.JPG,31
031_S_L_28.JPG,31
031_S_L_29.JPG,31
031_S_R_10.JPG,31
031_S_R_11.JPG,31
031_S_R_12.JPG,31
031_S_R_13.JPG,31
031_S_R_14.JPG,31
031_S_R_15.JPG,31
031_S_R_16.JPG,31
031_S_R_17.JPG,31
031_S_R_18.JPG,31
031_S_R_19.JPG,31
032_F_L_30.JPG,32
032_F_L_31.JPG,32
032_F_L_32.JPG,32
032_F_L_33.JPG,32
032_F_L_34.JPG,32
032_F_L_35.JPG,32
032_F_L_36.JPG,32
032_F_L_37.JPG,32
032_F_L_38.JPG,32
032_F_L_39.JPG,32
032_F_R_0.JPG,32
032_F_R_1.JPG,32
032_F_R_2.JPG,32
032_F_R_3.JPG,32
032_F_R_4.JPG,32
032_F_R_5.JPG,32
032_F_R_6.JPG,32
032_F_R_7.JPG,32
032_F_R_8.JPG,32
032_F_R_9.JPG,32
032_S_L_20.JPG,32
032_S_L_21.JPG,32
032_S_L_22.JPG,32
032_S_L_23.JPG,32
032_S_L_24.JPG,32
032_S_L_25.JPG,32
032_S_L_26.JPG,32
032_S_L_27.JPG,32
032_S_L_28.JPG,32
032_S_L_29.JPG,32
032_S_R_10.JPG,32
032_S_R_11.JPG,32
032_S_R_12.JPG,32
032_S_R_13.JPG,32
032_S_R_14.JPG,32
032_S_R_15.JPG,32
032_S_R_16.JPG,32
032_S_R_17.JPG,32
032_S_R_18.JPG,32
032_S_R_19.JPG,32
033_F_L_30.JPG,33
033_F_L_31.JPG,33
033_F_L_32.JPG,33
033_F_L_33.JPG,33
033_F_L_34.JPG,33
033_F_L_35.JPG,33
033_F_L_36.JPG,33
033_F_L_37.JPG,33
033_F_L_38.JPG,33
033_F_L_39.JPG,33
033_F_R_0.JPG,33
033_F_R_1.JPG,33
033_F_R_2.JPG,33
033_F_R_3.JPG,33
033_F_R_4.JPG,33
033_F_R_5.JPG,33
033_F_R_6.JPG,33
033_F_R_7.JPG,33
033_F_R_8.JPG,33
033_F_R_9.JPG,33
033_S_L_20.JPG,33
033_S_L_21.JPG,33
033_S_L_22.JPG,33
033_S_L_23.JPG,33
033_S_L_24.JPG,33
033_S_L_25.JPG,33
033_S_L_26.JPG,33
033_S_L_27.JPG,33
033_S_L_28.JPG,33
033_S_L_29.JPG,33
033_S_R_10.JPG,33
033_S_R_11.JPG,33
033_S_R_12.JPG,33
033_S_R_13.JPG,33
033_S_R_14.JPG,33
033_S_R_15.JPG,33
033_S_R_16.JPG,33
033_S_R_17.JPG,33
033_S_R_18.JPG,33
033_S_R_19.JPG,33
034_F_L_30.JPG,34
034_F_L_31.JPG,34
034_F_L_32.JPG,34
034_F_L_33.JPG,34
034_F_L_34.JPG,34
034_F_L_35.JPG,34
034_F_L_36.JPG,34
034_F_L_37.JPG,34
034_F_L_38.JPG,34
034_F_L_39.JPG,34
034_F_R_0.JPG,34
034_F_R_1.JPG,34
034_F_R_2.JPG,34
034_F_R_3.JPG,34
034_F_R_4.JPG,34
034_F_R_5.JPG,34
034_F_R_6.JPG,34
034_F_R_7.JPG,34
034_F_R_8.JPG,34
034_F_R_9.JPG,34
034_S_L_20.JPG,34
034_S_L_21.JPG,34
034_S_L_22.JPG,34
034_S_L_23.JPG,34
034_S_L_24.JPG,34
034_S_L_25.JPG,34
034_S_L_26.JPG,34
034_S_L_27.JPG,34
034_S_L_28.JPG,34
034_S_L_29.JPG,34
034_S_R_10.JPG,34
034_S_R_11.JPG,34
034_S_R_12.JPG,34
034_S_R_13.JPG,34
034_S_R_14.JPG,34
034_S_R_15.JPG,34
034_S_R_16.JPG,34
034_S_R_17.JPG,34
034_S_R_18.JPG,34
034_S_R_19.JPG,34
035_F_L_30.JPG,35
035_F_L_31.JPG,35
035_F_L_32.JPG,35
035_F_L_33.JPG,35
035_F_L_34.JPG,35
035_F_L_35.JPG,35
035_F_L_36.JPG,35
035_F_L_37.JPG,35
035_F_L_38.JPG,35
035_F_L_39.JPG,35
035_F_R_0.JPG,35
035_F_R_1.JPG,35
035_F_R_2.JPG,35
035_F_R_3.JPG,35
035_F_R_4.JPG,35
035_F_R_5.JPG,35
035_F_R_6.JPG,35
035_F_R_7.JPG,35
035_F_R_8.JPG,35
035_F_R_9.JPG,35
035_S_L_20.JPG,35
035_S_L_21.JPG,35
035_S_L_22.JPG,35
035_S_L_23.JPG,35
035_S_L_24.JPG,35
035_S_L_25.JPG,35
035_S_L_26.JPG,35
035_S_L_27.JPG,35
035_S_L_28.JPG,35
035_S_L_29.JPG,35
035_S_R_10.JPG,35
035_S_R_11.JPG,35
035_S_R_12.JPG,35
035_S_R_13.JPG,35
035_S_R_14.JPG,35
035_S_R_15.JPG,35
035_S_R_16.JPG,35
035_S_R_17.JPG,35
035_S_R_18.JPG,35
035_S_R_19.JPG,35
036_F_L_30.JPG,36
036_F_L_31.JPG,36
036_F_L_32.JPG,36
036_F_L_33.JPG,36
036_F_L_34.JPG,36
036_F_L_35.JPG,36
036_F_L_36.JPG,36
036_F_L_37.JPG,36
036_F_L_38.JPG,36
036_F_L_39.JPG,36
036_F_R_0.JPG,36
036_F_R_1.JPG,36
036_F_R_2.JPG,36
036_F_R_3.JPG,36
036_F_R_4.JPG,36
036_F_R_5.JPG,36
036_F_R_6.JPG,36
036_F_R_7.JPG,36
036_F_R_8.JPG,36
036_F_R_9.JPG,36
036_S_L_20.JPG,36
036_S_L_21.JPG,36
036_S_L_22.JPG,36
036_S_L_23.JPG,36
036_S_L_24.JPG,36
036_S_L_25.JPG,36
036_S_L_26.JPG,36
036_S_L_27.JPG,36
036_S_L_28.JPG,36
036_S_L_29.JPG,36
036_S_R_10.JPG,36
036_S_R_11.JPG,36
036_S_R_12.JPG,36
036_S_R_13.JPG,36
036_S_R_14.JPG,36
036_S_R_15.JPG,36
036_S_R_16.JPG,36
036_S_R_17.JPG,36
036_S_R_18.JPG,36
036_S_R_19.JPG,36
037_F_L_30.JPG,37
037_F_L_31.JPG,37
037_F_L_32.JPG,37
037_F_L_33.JPG,37
037_F_L_34.JPG,37
037_F_L_35.JPG,37
037_F_L_36.JPG,37
037_F_L_37.JPG,37
037_F_L_38.JPG,37
037_F_L_39.JPG,37
037_F_R_0.JPG,37
037_F_R_1.JPG,37
037_F_R_2.JPG,37
037_F_R_3.JPG,37
037_F_R_4.JPG,37
037_F_R_5.JPG,37
037_F_R_6.JPG,37
037_F_R_7.JPG,37
037_F_R_8.JPG,37
037_F_R_9.JPG,37
037_S_L_20.JPG,37
037_S_L_21.JPG,37
037_S_L_22.JPG,37
037_S_L_23.JPG,37
037_S_L_24.JPG,37
037_S_L_25.JPG,37
037_S_L_26.JPG,37
037_S_L_27.JPG,37
037_S_L_28.JPG,37
037_S_L_29.JPG,37
037_S_R_10.JPG,37
037_S_R_11.JPG,37
037_S_R_12.JPG,37
037_S_R_13.JPG,37
037_S_R_14.JPG,37
037_S_R_15.JPG,37
037_S_R_16.JPG,37
037_S_R_17.JPG,37
037_S_R_18.JPG,37
037_S_R_19.JPG,37
038_F_L_30.JPG,38
038_F_L_31.JPG,38
038_F_L_32.JPG,38
038_F_L_33.JPG,38
038_F_L_34.JPG,38
038_F_L_35.JPG,38
038_F_L_36.JPG,38
038_F_L_37.JPG,38
038_F_L_38.JPG,38
038_F_L_39.JPG,38
038_F_R_0.JPG,38
038_F_R_1.JPG,38
038_F_R_2.JPG,38
038_F_R_3.JPG,38
038_F_R_4.JPG,38
038_F_R_5.JPG,38
038_F_R_6.JPG,38
038_F_R_7.JPG,38
038_F_R_8.JPG,38
038_F_R_9.JPG,38
038_S_L_20.JPG,38
038_S_L_21.JPG,38
038_S_L_22.JPG,38
038_S_L_23.JPG,38
038_S_L_24.JPG,38
038_S_L_25.JPG,38
038_S_L_26.JPG,38
038_S_L_27.JPG,38
038_S_L_28.JPG,38
038_S_L_29.JPG,38
038_S_R_10.JPG,38
038_S_R_11.JPG,38
038_S_R_12.JPG,38
038_S_R_13.JPG,38
038_S_R_14.JPG,38
038_S_R_15.JPG,38
038_S_R_16.JPG,38
038_S_R_17.JPG,38
038_S_R_18.JPG,38
038_S_R_19.JPG,38
039_F_L_30.JPG,39
039_F_L_31.JPG,39
039_F_L_32.JPG,39
039_F_L_33.JPG,39
039_F_L_34.JPG,39
039_F_L_35.JPG,39
039_F_L_36.JPG,39
039_F_L_37.JPG,39
039_F_L_38.JPG,39
039_F_L_39.JPG,39
039_F_R_0.JPG,39
039_F_R_1.JPG,39
039_F_R_2.JPG,39
039_F_R_3.JPG,39
039_F_R_4.JPG,39
039_F_R_5.JPG,39
039_F_R_6.JPG,39
039_F_R_7.JPG,39
039_F_R_8.JPG,39
039_F_R_9.JPG,39
039_S_L_20.JPG,39
039_S_L_21.JPG,39
039_S_L_22.JPG,39
039_S_L_23.JPG,39
039_S_L_24.JPG,39
039_S_L_25.JPG,39
039_S_L_26.JPG,39
039_S_L_27.JPG,39
039_S_L_28.JPG,39
039_S_L_29.JPG,39
039_S_R_10.JPG,39
039_S_R_11.JPG,39
039_S_R_12.JPG,39
039_S_R_13.JPG,39
039_S_R_14.JPG,39
039_S_R_15.JPG,39
039_S_R_16.JPG,39
039_S_R_17.JPG,39
039_S_R_18.JPG,39
039_S_R_19.JPG,39
040_F_L_30.JPG,40
040_F_L_31.JPG,40
040_F_L_32.JPG,40
040_F_L_33.JPG,40
040_F_L_34.JPG,40
040_F_L_35.JPG,40
040_F_L_36.JPG,40
040_F_L_37.JPG,40
040_F_L_38.JPG,40
040_F_L_39.JPG,40
040_F_R_0.JPG,40
040_F_R_1.JPG,40
040_F_R_2.JPG,40
040_F_R_3.JPG,40
040_F_R_4.JPG,40
040_F_R_5.JPG,40
040_F_R_6.JPG,40
040_F_R_7.JPG,40
040_F_R_8.JPG,40
040_F_R_9.JPG,40
040_S_L_20.JPG,40
040_S_L_21.JPG,40
040_S_L_22.JPG,40
040_S_L_23.JPG,40
040_S_L_24.JPG,40
040_S_L_25.JPG,40
040_S_L_26.JPG,40
040_S_L_27.JPG,40
040_S_L_28.JPG,40
040_S_L_29.JPG,40
040_S_R_10.JPG,40
040_S_R_11.JPG,40
040_S_R_12.JPG,40
040_S_R_13.JPG,40
040_S_R_14.JPG,40
040_S_R_15.JPG,40
040_S_R_16.JPG,40
040_S_R_17.JPG,40
040_S_R_18.JPG,40
040_S_R_19.JPG,40
041_F_L_30.JPG,41
041_F_L_31.JPG,41
041_F_L_32.JPG,41
041_F_L_33.JPG,41
041_F_L_34.JPG,41
041_F_L_35.JPG,41
041_F_L_36.JPG,41
041_F_L_37.JPG,41
041_F_L_38.JPG,41
041_F_L_39.JPG,41
041_F_R_0.JPG,41
041_F_R_1.JPG,41
041_F_R_2.JPG,41
041_F_R_3.JPG,41
041_F_R_4.JPG,41
041_F_R_5.JPG,41
041_F_R_6.JPG,41
041_F_R_7.JPG,41
041_F_R_8.JPG,41
041_F_R_9.JPG,41
041_S_L_20.JPG,41
041_S_L_21.JPG,41
041_S_L_22.JPG,41
041_S_L_23.JPG,41
041_S_L_24.JPG,41
041_S_L_25.JPG,41
041_S_L_26.JPG,41
041_S_L_27.JPG,41
041_S_L_28.JPG,41
041_S_L_29.JPG,41
041_S_R_10.JPG,41
041_S_R_11.JPG,41
041_S_R_12.JPG,41
041_S_R_13.JPG,41
041_S_R_14.JPG,41
041_S_R_15.JPG,41
041_S_R_16.JPG,41
041_S_R_17.JPG,41
041_S_R_18.JPG,41
041_S_R_19.JPG,41
